<wddxPacket version='1.0'><header/><data><recordset rowCount='0' fieldNames='CHANGESETID,SITEID,NAME,DESCRIPTION,CREATED,PUBLISHDATE,PUBLISHED,LASTUPDATE,LASTUPDATEBY,LASTUPDATEBYID,REMOTEID,REMOTEPUBDATE,REMOTESOURCEURL' type='coldfusion.sql.QueryTable'><field name='CHANGESETID'></field><field name='SITEID'></field><field name='NAME'></field><field name='DESCRIPTION'></field><field name='CREATED'></field><field name='PUBLISHDATE'></field><field name='PUBLISHED'></field><field name='LASTUPDATE'></field><field name='LASTUPDATEBY'></field><field name='LASTUPDATEBYID'></field><field name='REMOTEID'></field><field name='REMOTEPUBDATE'></field><field name='REMOTESOURCEURL'></field></recordset></data></wddxPacket>
