<wddxPacket version='1.0'><header/><data><recordset rowCount='2' fieldNames='ATTRIBUTEID,EXTENDSETID,SITEID,NAME,LABEL,HINT,TYPE,ORDERNO,ISACTIVE,REQUIRED,VALIDATION,REGEX,MESSAGE,DEFAULTVALUE,OPTIONLIST,OPTIONLABELLIST' type='coldfusion.sql.QueryTable'><field name='ATTRIBUTEID'><number>5.0</number><number>6.0</number></field><field name='EXTENDSETID'><string>474E5D6C-A55A-49C9-9D295D2BDA0F787D</string><string>2AA866B1-9FDF-456D-93E6161BAAAA19F0</string></field><field name='SITEID'><string>fullcalendar</string><string>fullcalendar</string></field><field name='NAME'><string>mbUseFluid</string><string>eventColor</string></field><field name='LABEL'><string>Use Fluid Layout?</string><string>Event Color</string></field><field name='HINT'><string>Think in terms of your ENTIRE page...'fluid' would continue expanding the width of your content when your browser is greater than 960px wide and always stretch to fit your browser window, no matter how wide it gets.</string><string>Pick the color of the event to appear on the calendar</string></field><field name='TYPE'><string>RadioGroup</string><string>SelectBox</string></field><field name='ORDERNO'><number>1.0</number><number>1.0</number></field><field name='ISACTIVE'><number>1.0</number><number>1.0</number></field><field name='REQUIRED'><string>false</string><string>false</string></field><field name='VALIDATION'><null/><null/></field><field name='REGEX'><null/><null/></field><field name='MESSAGE'><null/><null/></field><field name='DEFAULTVALUE'><string>false</string><string>Blue</string></field><field name='OPTIONLIST'><string>true^false</string><string>Blue^Green^Red^Orange^Yellow</string></field><field name='OPTIONLABELLIST'><string>Yes^No</string><string>Blue^Green^Red^Orange^Yellow</string></field></recordset></data></wddxPacket>
