<wddxPacket version='1.0'><header/><data><recordset rowCount='0' fieldNames='FILEID,CONTENTID,SITEID,MODULEID,FILENAME,IMAGE,IMAGESMALL,IMAGEMEDIUM,FILESIZE,CONTENTTYPE,CONTENTSUBTYPE,FILEEXT,CREATED,DELETED' type='coldfusion.sql.QueryTable'><field name='FILEID'></field><field name='CONTENTID'></field><field name='SITEID'></field><field name='MODULEID'></field><field name='FILENAME'></field><field name='IMAGE'></field><field name='IMAGESMALL'></field><field name='IMAGEMEDIUM'></field><field name='FILESIZE'></field><field name='CONTENTTYPE'></field><field name='CONTENTSUBTYPE'></field><field name='FILEEXT'></field><field name='CREATED'></field><field name='DELETED'></field></recordset></data></wddxPacket>
