<wddxPacket version='1.0'><header/><data><recordset rowCount='1' fieldNames='MLID,SITEID,NAME,DESCRIPTION,LASTUPDATE,ISPURGE,ISPUBLIC' type='coldfusion.sql.QueryTable'><field name='MLID'><string>CB54A99A-9ADC-41CD-B37ED72D97515A0F</string></field><field name='SITEID'><string>fullcalendar</string></field><field name='NAME'><string>Please Remove Me from All Lists</string></field><field name='DESCRIPTION'><null/></field><field name='LASTUPDATE'><dateTime>2013-3-1T21:12:30-6:0</dateTime></field><field name='ISPURGE'><number>1.0</number></field><field name='ISPUBLIC'><number>1.0</number></field></recordset></data></wddxPacket>
