<wddxPacket version='1.0'><header/><data><recordset rowCount='9' fieldNames='TCONTENT_ID,SITEID,MODULEID,PARENTID,CONTENTID,CONTENTHISTID,REMOTEID,REMOTEURL,REMOTEPUBDATE,REMOTESOURCEURL,REMOTESOURCE,CREDITS,FILEID,TEMPLATE,TYPE,SUBTYPE,ACTIVE,ORDERNO,TITLE,MENUTITLE,SUMMARY,FILENAME,METADESC,METAKEYWORDS,BODY,LASTUPDATE,LASTUPDATEBY,LASTUPDATEBYID,DISPLAYSTART,DISPLAYSTOP,DISPLAY,APPROVED,ISNAV,RESTRICTED,RESTRICTGROUPS,TARGET,TARGETPARAMS,RESPONSECHART,RESPONSEMESSAGE,RESPONSESENDTO,RESPONSEDISPLAYFIELDS,MODULEASSIGN,DISPLAYTITLE,NOTES,INHERITOBJECTS,ISFEATURE,RELEASEDATE,ISLOCKED,NEXTN,SORTBY,SORTDIRECTION,FEATURESTART,FEATURESTOP,FORCESSL,AUDIENCE,KEYPOINTS,SEARCHEXCLUDE,PATH,TAGS,DOCACHE,URLTITLE,HTMLTITLE,CREATED,MOBILEEXCLUDE,CHANGESETID,IMAGESIZE,IMAGEHEIGHT,IMAGEWIDTH,CHILDTEMPLATE,MAJORVERSION,MINORVERSION,EXPIRES,DISPLAYINTERVAL,SOURCEID' type='coldfusion.sql.QueryTable'><field name='TCONTENT_ID'><number>77.0</number><number>78.0</number><number>79.0</number><number>80.0</number><number>81.0</number><number>82.0</number><number>84.0</number><number>87.0</number><number>90.0</number></field><field name='SITEID'><string>fullcalendar</string><string>fullcalendar</string><string>fullcalendar</string><string>fullcalendar</string><string>fullcalendar</string><string>fullcalendar</string><string>fullcalendar</string><string>fullcalendar</string><string>fullcalendar</string></field><field name='MODULEID'><string>00000000000000000000000000000000000</string><string>00000000000000000000000000000000000</string><string>00000000000000000000000000000000000</string><string>00000000000000000000000000000000000</string><string>00000000000000000000000000000000000</string><string>00000000000000000000000000000000000</string><string>00000000000000000000000000000000000</string><string>00000000000000000000000000000000000</string><string>00000000000000000000000000000000000</string></field><field name='PARENTID'><string>00000000000000000000000000000000END</string><string>00000000000000000000000000000000001</string><string>F33CCF3F-15AF-47AF-98D92712572710D3</string><string>F33CCF3F-15AF-47AF-98D92712572710D3</string><string>F33CCF3F-15AF-47AF-98D92712572710D3</string><string>F33CCF3F-15AF-47AF-98D92712572710D3</string><string>F33CCF3F-15AF-47AF-98D92712572710D3</string><string>F33CCF3F-15AF-47AF-98D92712572710D3</string><string>F33CCF3F-15AF-47AF-98D92712572710D3</string></field><field name='CONTENTID'><string>00000000000000000000000000000000001</string><string>F33CCF3F-15AF-47AF-98D92712572710D3</string><string>621E2A16-526C-4DFE-A0B06BEB6BE84964</string><string>B8017E75-548F-49A3-9077587222F1FF14</string><string>CC2C3272-DE6E-481D-9795C758AE832ED3</string><string>FF52A2C0-31C6-427E-AC20B298C5DBB261</string><string>CA1C75A3-7ACA-46F3-8EFC2BEC4C9ADA41</string><string>2317BB8A-F62E-39CB-C4B0FECF7F3303EE</string><string>69B3A3FB-99F8-4056-A07B0A1F982E37C3</string></field><field name='CONTENTHISTID'><string>B5E3E365-182A-42E3-8C3350BAE9F6BFF0</string><string>A58904B5-BBEE-455B-B145300A7B0E6095</string><string>52F04205-7B71-407A-87E5DB913C26604D</string><string>12E5ACD0-6BA2-4F69-8D9F8224438F4833</string><string>4568F2A9-03B4-4F04-9B5EE5CE9B22769B</string><string>83BD20FA-F240-4177-9A0CCCD0FD982AAA</string><string>96AF8B65-8DE6-4693-ACDE944F5D230928</string><string>2336D037-90FC-4360-9E28C9AB16171F93</string><string>646AF74A-D1FB-0060-B23E89CB73A04BF8</string></field><field name='REMOTEID'><null/><null/><null/><null/><null/><null/><null/><null/><null/></field><field name='REMOTEURL'><null/><null/><null/><null/><null/><null/><null/><null/><null/></field><field name='REMOTEPUBDATE'><null/><null/><null/><null/><null/><null/><null/><null/><null/></field><field name='REMOTESOURCEURL'><null/><null/><null/><null/><null/><null/><null/><null/><null/></field><field name='REMOTESOURCE'><null/><null/><null/><null/><null/><null/><null/><null/><null/></field><field name='CREDITS'><null/><null/><null/><null/><null/><null/><null/><null/><null/></field><field name='FILEID'><null/><null/><null/><null/><null/><null/><null/><null/><null/></field><field name='TEMPLATE'><string>default.cfm</string><null/><null/><null/><null/><null/><null/><null/><null/></field><field name='TYPE'><string>Page</string><string>Calendar</string><string>Page</string><string>Page</string><string>Page</string><string>Page</string><string>Page</string><string>Page</string><string>Page</string></field><field name='SUBTYPE'><string>Default</string><string>Default</string><string>Event</string><string>Event</string><string>Event</string><string>Event</string><string>Event</string><string>Event</string><string>Event</string></field><field name='ACTIVE'><number>1.0</number><number>1.0</number><number>1.0</number><number>1.0</number><number>1.0</number><number>1.0</number><number>1.0</number><number>1.0</number><number>1.0</number></field><field name='ORDERNO'><number>1.0</number><number>1.0</number><number>5.0</number><number>6.0</number><number>7.0</number><number>4.0</number><number>2.0</number><number>1.0</number><number>3.0</number></field><field name='TITLE'><string>Home</string><string>Calendar</string><string>Event 2</string><string>All Day Event</string><string>Event 1</string><string>super long totally cool event number 3</string><string>Multi Day Event</string><string>Morning Class</string><string>Dinner</string></field><field name='MENUTITLE'><string>Home</string><string>Calendar</string><string>Event 2</string><string>All Day Event</string><string>Event 1</string><string>super long totally cool event number 3</string><string>Multi Day Event</string><string>Morning Class</string><string>Dinner</string></field><field name='SUMMARY'><null/><null/><null/><null/><null/><null/><null/><null/><null/></field><field name='FILENAME'><null/><string>calendar</string><string>calendar/event-2</string><string>calendar/all-day-event</string><string>calendar/event-1</string><string>calendar/super-long-totally-cool-event-number-3</string><string>calendar/multi-day-event</string><string>calendar/morning-class</string><string>calendar/dinner</string></field><field name='METADESC'><null/><null/><null/><null/><null/><null/><null/><null/><null/></field><field name='METAKEYWORDS'><null/><null/><null/><null/><null/><null/><null/><null/><null/></field><field name='BODY'><null/><null/><null/><null/><null/><null/><null/><null/><string>&lt;p&gt;[mura]$.content('eventColor')[/mura]&lt;/p&gt;</string></field><field name='LASTUPDATE'><dateTime>2013-3-1T21:12:27-6:0</dateTime><dateTime>2013-3-1T21:14:15-6:0</dateTime><dateTime>2013-3-2T14:6:2-6:0</dateTime><dateTime>2013-3-2T14:6:9-6:0</dateTime><dateTime>2013-3-2T14:6:15-6:0</dateTime><dateTime>2013-3-2T14:26:39-6:0</dateTime><dateTime>2013-3-2T14:53:38-6:0</dateTime><dateTime>2013-3-4T12:46:13-6:0</dateTime><dateTime>2013-3-5T19:9:27-6:0</dateTime></field><field name='LASTUPDATEBY'><string>System</string><string>Admin User</string><string>Admin User</string><string>Admin User</string><string>Admin User</string><string>Admin User</string><string>Admin User</string><string>Ronnie Duke</string><string>Ronnie Duke</string></field><field name='LASTUPDATEBYID'><null/><string>9ADCBCFB-AADB-E918-D7F589A18724C203</string><string>9ADCBCFB-AADB-E918-D7F589A18724C203</string><string>9ADCBCFB-AADB-E918-D7F589A18724C203</string><string>9ADCBCFB-AADB-E918-D7F589A18724C203</string><string>9ADCBCFB-AADB-E918-D7F589A18724C203</string><string>9ADCBCFB-AADB-E918-D7F589A18724C203</string><string>22FC551F-FABE-EA01-C6EDD0885DDC1682</string><string>22FC551F-FABE-EA01-C6EDD0885DDC1682</string></field><field name='DISPLAYSTART'><null/><null/><dateTime>2013-3-4T2:0:0-6:0</dateTime><dateTime>2013-3-14T2:0:0-6:0</dateTime><dateTime>2013-3-4T20:0:0-6:0</dateTime><dateTime>2013-3-4T20:0:0-6:0</dateTime><dateTime>2013-3-5T2:0:0-6:0</dateTime><dateTime>2013-3-11T7:0:0-6:0</dateTime><dateTime>2013-3-4T10:0:0-6:0</dateTime></field><field name='DISPLAYSTOP'><null/><null/><dateTime>2013-3-5T1:59:0-6:0</dateTime><dateTime>2013-3-15T1:59:0-6:0</dateTime><dateTime>2013-3-25T22:0:0-6:0</dateTime><dateTime>2013-3-4T22:0:0-6:0</dateTime><dateTime>2013-3-8T1:59:0-6:0</dateTime><dateTime>2013-4-12T8:0:0-6:0</dateTime><dateTime>2013-3-4T13:59:0-6:0</dateTime></field><field name='DISPLAY'><number>1.0</number><number>1.0</number><number>2.0</number><number>2.0</number><number>2.0</number><number>2.0</number><number>2.0</number><number>2.0</number><number>2.0</number></field><field name='APPROVED'><number>1.0</number><number>1.0</number><number>1.0</number><number>1.0</number><number>1.0</number><number>1.0</number><number>1.0</number><number>1.0</number><number>1.0</number></field><field name='ISNAV'><number>1.0</number><number>1.0</number><number>1.0</number><number>1.0</number><number>1.0</number><number>1.0</number><number>1.0</number><number>1.0</number><number>1.0</number></field><field name='RESTRICTED'><number>0.0</number><number>0.0</number><number>0.0</number><number>0.0</number><number>0.0</number><number>0.0</number><number>0.0</number><number>0.0</number><number>0.0</number></field><field name='RESTRICTGROUPS'><null/><null/><null/><null/><null/><null/><null/><null/><null/></field><field name='TARGET'><null/><string>_self</string><string>_self</string><string>_self</string><string>_self</string><string>_self</string><string>_self</string><string>_self</string><string>_self</string></field><field name='TARGETPARAMS'><null/><null/><null/><null/><null/><null/><null/><null/><null/></field><field name='RESPONSECHART'><number>0.0</number><number>0.0</number><number>0.0</number><number>0.0</number><number>0.0</number><number>0.0</number><number>0.0</number><number>0.0</number><number>0.0</number></field><field name='RESPONSEMESSAGE'><null/><null/><null/><null/><null/><null/><null/><null/><null/></field><field name='RESPONSESENDTO'><null/><null/><null/><null/><null/><null/><null/><null/><null/></field><field name='RESPONSEDISPLAYFIELDS'><null/><null/><null/><null/><null/><null/><null/><null/><null/></field><field name='MODULEASSIGN'><null/><null/><null/><null/><null/><null/><null/><null/><null/></field><field name='DISPLAYTITLE'><number>0.0</number><number>0.0</number><number>0.0</number><number>0.0</number><number>0.0</number><number>0.0</number><number>0.0</number><number>0.0</number><number>0.0</number></field><field name='NOTES'><null/><null/><null/><null/><null/><null/><null/><null/><null/></field><field name='INHERITOBJECTS'><string>Cascade</string><string>Inherit</string><string>Inherit</string><string>Inherit</string><string>Inherit</string><string>Inherit</string><string>Inherit</string><string>Inherit</string><string>Inherit</string></field><field name='ISFEATURE'><number>0.0</number><number>0.0</number><number>0.0</number><number>0.0</number><number>0.0</number><number>0.0</number><number>0.0</number><number>0.0</number><number>0.0</number></field><field name='RELEASEDATE'><null/><null/><null/><null/><null/><null/><null/><null/><null/></field><field name='ISLOCKED'><number>0.0</number><number>0.0</number><number>0.0</number><number>0.0</number><number>0.0</number><number>0.0</number><number>0.0</number><number>0.0</number><number>0.0</number></field><field name='NEXTN'><number>10.0</number><number>10.0</number><number>10.0</number><number>10.0</number><number>10.0</number><number>10.0</number><number>10.0</number><number>10.0</number><number>10.0</number></field><field name='SORTBY'><string>orderno</string><string>orderno</string><string>orderno</string><string>orderno</string><string>orderno</string><string>orderno</string><string>orderno</string><string>orderno</string><string>orderno</string></field><field name='SORTDIRECTION'><string>asc</string><string>asc</string><string>asc</string><string>asc</string><string>asc</string><string>asc</string><string>asc</string><string>asc</string><string>asc</string></field><field name='FEATURESTART'><null/><null/><null/><null/><null/><null/><null/><null/><null/></field><field name='FEATURESTOP'><null/><null/><null/><null/><null/><null/><null/><null/><null/></field><field name='FORCESSL'><number>0.0</number><number>0.0</number><number>0.0</number><number>0.0</number><number>0.0</number><number>0.0</number><number>0.0</number><number>0.0</number><number>0.0</number></field><field name='AUDIENCE'><null/><null/><null/><null/><null/><null/><null/><null/><null/></field><field name='KEYPOINTS'><null/><null/><null/><null/><null/><null/><null/><null/><null/></field><field name='SEARCHEXCLUDE'><number>0.0</number><number>0.0</number><number>0.0</number><number>0.0</number><number>0.0</number><number>0.0</number><number>0.0</number><number>0.0</number><number>0.0</number></field><field name='PATH'><string>00000000000000000000000000000000001</string><string>00000000000000000000000000000000001,F33CCF3F-15AF-47AF-98D92712572710D3</string><string>00000000000000000000000000000000001,F33CCF3F-15AF-47AF-98D92712572710D3,621E2A16-526C-4DFE-A0B06BEB6BE84964</string><string>00000000000000000000000000000000001,F33CCF3F-15AF-47AF-98D92712572710D3,B8017E75-548F-49A3-9077587222F1FF14</string><string>00000000000000000000000000000000001,F33CCF3F-15AF-47AF-98D92712572710D3,CC2C3272-DE6E-481D-9795C758AE832ED3</string><string>00000000000000000000000000000000001,F33CCF3F-15AF-47AF-98D92712572710D3,FF52A2C0-31C6-427E-AC20B298C5DBB261</string><string>00000000000000000000000000000000001,F33CCF3F-15AF-47AF-98D92712572710D3,CA1C75A3-7ACA-46F3-8EFC2BEC4C9ADA41</string><string>00000000000000000000000000000000001,F33CCF3F-15AF-47AF-98D92712572710D3,2317BB8A-F62E-39CB-C4B0FECF7F3303EE</string><string>00000000000000000000000000000000001,F33CCF3F-15AF-47AF-98D92712572710D3,69B3A3FB-99F8-4056-A07B0A1F982E37C3</string></field><field name='TAGS'><null/><null/><null/><null/><null/><null/><null/><null/><null/></field><field name='DOCACHE'><number>0.0</number><number>1.0</number><number>1.0</number><number>1.0</number><number>1.0</number><number>1.0</number><number>1.0</number><number>1.0</number><number>1.0</number></field><field name='URLTITLE'><string>Home</string><string>calendar</string><string>event-2</string><string>all-day-event</string><string>event-1</string><string>super-long-totally-cool-event-number-3</string><string>multi-day-event</string><string>morning-class</string><string>dinner</string></field><field name='HTMLTITLE'><string>Home</string><string>Calendar</string><string>Event 2</string><string>All Day Event</string><string>Event 1</string><string>super long totally cool event number 3</string><string>Multi Day Event</string><string>Morning Class</string><string>Dinner</string></field><field name='CREATED'><dateTime>2013-3-1T21:12:27-6:0</dateTime><dateTime>2013-3-1T21:14:15-6:0</dateTime><dateTime>2013-3-2T1:33:27-6:0</dateTime><dateTime>2013-3-1T21:16:42-6:0</dateTime><dateTime>2013-3-1T21:15:15-6:0</dateTime><dateTime>2013-3-2T1:34:15-6:0</dateTime><dateTime>2013-3-2T14:53:38-6:0</dateTime><dateTime>2013-3-4T12:45:23-6:0</dateTime><dateTime>2013-3-2T1:34:54-6:0</dateTime></field><field name='MOBILEEXCLUDE'><number>0.0</number><number>0.0</number><number>0.0</number><number>0.0</number><number>0.0</number><number>0.0</number><number>0.0</number><number>0.0</number><number>0.0</number></field><field name='CHANGESETID'><null/><null/><null/><null/><null/><null/><null/><null/><null/></field><field name='IMAGESIZE'><null/><string>small</string><string>small</string><string>small</string><string>small</string><string>small</string><string>small</string><string>small</string><string>small</string></field><field name='IMAGEHEIGHT'><null/><string>AUTO</string><string>AUTO</string><string>AUTO</string><string>AUTO</string><string>AUTO</string><string>AUTO</string><string>AUTO</string><string>AUTO</string></field><field name='IMAGEWIDTH'><null/><string>AUTO</string><string>AUTO</string><string>AUTO</string><string>AUTO</string><string>AUTO</string><string>AUTO</string><string>AUTO</string><string>AUTO</string></field><field name='CHILDTEMPLATE'><null/><null/><null/><null/><null/><null/><null/><null/><null/></field><field name='MAJORVERSION'><number>0.0</number><number>0.0</number><number>0.0</number><number>0.0</number><number>0.0</number><number>0.0</number><number>0.0</number><number>0.0</number><number>0.0</number></field><field name='MINORVERSION'><number>0.0</number><number>0.0</number><number>0.0</number><number>0.0</number><number>0.0</number><number>0.0</number><number>0.0</number><number>0.0</number><number>0.0</number></field><field name='EXPIRES'><null/><null/><null/><null/><null/><null/><null/><null/><null/></field><field name='DISPLAYINTERVAL'><null/><string>Daily</string><string>Daily</string><string>Weekly</string><string>Weekly</string><string>Daily</string><string>Daily</string><string>WeekDays</string><string>Daily</string></field><field name='SOURCEID'><null/><string>9AED9610-9DA8-D828-E353A1FC6FE8D1E0</string><string>A4329838-E95E-43FC-7D2E1A8DA6D85C67</string><string>A1A71FB4-970D-4BD8-C033B5D9C92CCC3B</string><string>A3FD834F-FB1B-152A-7D1C69E4CF6F9801</string><string>BF1BEE2B-92BF-82FD-E91BA23AD2E9DAF5</string><string>C0D08831-C5CE-87E5-F1C0B21EFB586C04</string><string>23338E71-AA37-09A6-43DCD4042C252E2A</string><string>2017E637-B4E1-462A-A939DC95A95E5982</string></field></recordset></data></wddxPacket>
