<wddxPacket version='1.0'><header/><data><recordset rowCount='8' fieldNames='BASEID,ATTRIBUTEID,ATTRIBUTEVALUE,SITEID,STRINGVALUE,NUMERICVALUE,DATETIMEVALUE,REMOTEID' type='coldfusion.sql.QueryTable'><field name='BASEID'><string>52F04205-7B71-407A-87E5DB913C26604D</string><string>12E5ACD0-6BA2-4F69-8D9F8224438F4833</string><string>4568F2A9-03B4-4F04-9B5EE5CE9B22769B</string><string>83BD20FA-F240-4177-9A0CCCD0FD982AAA</string><string>96AF8B65-8DE6-4693-ACDE944F5D230928</string><string>2336D037-90FC-4360-9E28C9AB16171F93</string><string>646AF74A-D1FB-0060-B23E89CB73A04BF8</string><string>E03E2B5C-DD36-4409-97AB90F4EEF34FC6</string></field><field name='ATTRIBUTEID'><number>6.0</number><number>6.0</number><number>6.0</number><number>6.0</number><number>6.0</number><number>6.0</number><number>6.0</number><number>5.0</number></field><field name='ATTRIBUTEVALUE'><string>Blue</string><string>Blue</string><string>Blue</string><string>Green</string><string>Red</string><string>Blue</string><string>Red</string><string>false</string></field><field name='SITEID'><string>fullcalendar</string><string>fullcalendar</string><string>fullcalendar</string><string>fullcalendar</string><string>fullcalendar</string><string>fullcalendar</string><string>fullcalendar</string><string>fullcalendar</string></field><field name='STRINGVALUE'><string>Blue</string><string>Blue</string><string>Blue</string><string>Green</string><string>Red</string><string>Blue</string><string>Red</string><string>false</string></field><field name='NUMERICVALUE'><null/><null/><null/><null/><null/><null/><null/><null/></field><field name='DATETIMEVALUE'><null/><null/><null/><null/><null/><null/><null/><null/></field><field name='REMOTEID'><null/><null/><null/><null/><null/><string></string><string></string><string></string></field></recordset></data></wddxPacket>
