<wddxPacket version='1.0'><header/><data><recordset rowCount='3' fieldNames='SUBTYPEID,SITEID,BASETABLE,BASEKEYFIELD,DATATABLE,TYPE,SUBTYPE,ISACTIVE,NOTES,LASTUPDATE,DATECREATED,LASTUPDATEBY,HASSUMMARY,HASBODY,DESCRIPTION,AVAILABLESUBTYPES' type='coldfusion.sql.QueryTable'><field name='SUBTYPEID'><string>08C7F7C9-DC4E-473D-9C9F8ACD4A5D1BE8</string><string>471A505A-D643-43BE-947BBFAFA8FC272A</string><string>DECAF1C1-5B73-4068-989DF5C82364F53A</string></field><field name='SITEID'><string>fullcalendar</string><string>fullcalendar</string><string>fullcalendar</string></field><field name='BASETABLE'><string>tsettings</string><string>tcontent</string><string>tcontent</string></field><field name='BASEKEYFIELD'><string>baseID</string><string>contentHistID</string><string>contentHistID</string></field><field name='DATATABLE'><string>tclassextenddata</string><string>tclassextenddata</string><string>tclassextenddata</string></field><field name='TYPE'><string>Site</string><string>Calendar</string><string>Page</string></field><field name='SUBTYPE'><string>Default</string><string>Default</string><string>Event</string></field><field name='ISACTIVE'><number>1.0</number><number>1.0</number><number>1.0</number></field><field name='NOTES'><null/><null/><null/></field><field name='LASTUPDATE'><dateTime>2013-3-4T11:54:58-6:0</dateTime><dateTime>2013-3-4T11:54:58-6:0</dateTime><dateTime>2013-3-4T11:54:58-6:0</dateTime></field><field name='DATECREATED'><dateTime>2013-3-4T11:54:58-6:0</dateTime><dateTime>2013-3-4T11:54:58-6:0</dateTime><dateTime>2013-3-4T11:54:58-6:0</dateTime></field><field name='LASTUPDATEBY'><string>System</string><string>System</string><string>System</string></field><field name='HASSUMMARY'><number>1.0</number><number>1.0</number><number>1.0</number></field><field name='HASBODY'><number>1.0</number><number>1.0</number><number>1.0</number></field><field name='DESCRIPTION'><null/><null/><null/></field><field name='AVAILABLESUBTYPES'><null/><string>Page/Event</string><null/></field></recordset></data></wddxPacket>
