<wddxPacket version='1.0'><header/><data><recordset rowCount='2' fieldNames='EXTENDSETID,SUBTYPEID,CATEGORYID,SITEID,NAME,ORDERNO,ISACTIVE,CONTAINER' type='coldfusion.sql.QueryTable'><field name='EXTENDSETID'><string>2AA866B1-9FDF-456D-93E6161BAAAA19F0</string><string>474E5D6C-A55A-49C9-9D295D2BDA0F787D</string></field><field name='SUBTYPEID'><string>DECAF1C1-5B73-4068-989DF5C82364F53A</string><string>08C7F7C9-DC4E-473D-9C9F8ACD4A5D1BE8</string></field><field name='CATEGORYID'><null/><null/></field><field name='SITEID'><string>fullcalendar</string><string>fullcalendar</string></field><field name='NAME'><string>Event Options</string><string>MuraBootstrap Theme Options</string></field><field name='ORDERNO'><number>1.0</number><number>1.0</number></field><field name='ISACTIVE'><number>1.0</number><number>1.0</number></field><field name='CONTAINER'><string>Default</string><string>Default</string></field></recordset></data></wddxPacket>
